City Name,Latitude,Longitude,Elevation (m),Temperature (°C),Land Cover,Population Density (people/km²),Energy Consumption (kWh),Air Quality Index (AQI),Urban Greenness Ratio (%),Health Impact (Mortality Rate/100k),Wind Speed (km/h),Humidity (%),Annual Rainfall (mm),GDP per Capita (USD)
City_1,-22.58277861,71.33821705,833.0981798,22.97704463,Water,2544,7160.489181,158,50.45118201,14.47197608,15.54232494,63.66867876,1799.112014,7228.414052
City_2,81.12857515,12.99469188,2438.554263,21.97954694,Green Space,7868,37117.73097,84,17.34609618,23.38406062,6.419840361,47.68093477,2235.999184,21949.55091
City_3,41.75890953,-68.57005814,3928.256261,10.64105165,Green Space,4016,48754.99876,32,27.13225733,30.96949847,8.498532105,66.66742608,2156.371739,8882.154381
City_4,17.75852716,112.9662071,3295.011989,18.53119569,Green Space,9750,3557.732823,195,53.23294609,20.55952379,12.00938509,64.93518264,1752.109418,35317.04655
City_5,-61.91664472,66.50322212,3629.525165,19.50489047,Water,9668,34427.50015,150,17.74626556,21.3743227,24.35598372,64.09876682,650.5574333,38184.53859
City_6,-61.92098634,-121.4579018,2964.52515,19.97056952,Industrial,5077,23939.55292,158,14.13684178,16.51423338,0.415864077385803,59.59143472,724.7940544,6184.029493
City_7,-79.54494981,147.9337864,3115.24454,24.50430923,Water,1227,29379.58751,131,34.22689975,28.21159083,19.48136461,61.14626416,598.6179742,25800.85278
City_8,65.91170624,116.1134075,3821.380432,23.34006367,Industrial,7968,5181.725488,67,25.12097556,42.5287264,20.06629593,53.37770108,1014.958433,40916.62775
City_9,18.20070211,161.9279688,1123.50604,25.19762732,Water,842,3107.340641,114,38.17041822,10.0764189,23.95967341,60.77250771,771.3229343,46871.98904
City_10,37.453064,81.25902302,2202.412336,29.12208154,Water,1947,33676.46637,186,50.19024452,46.72165194,27.98258817,47.90223623,1020.096081,26162.37547
City_11,-86.29479103,40.82947054,995.4424882,30.32464347,Industrial,7081,41342.16206,162,16.85742441,34.45438269,0.604135468478694,72.20697589,1270.116111,47563.68196
City_12,84.58377339,-29.43250694,4444.506036,27.95307691,Green Space,6817,39318.75141,121,39.03495423,41.16366063,4.613511165,47.43107819,2385.965568,27248.75955
City_13,59.83967534,155.782254,4248.267029,33.8880924,Industrial,1026,27646.48067,50,35.27543802,27.80953463,26.58513882,43.3986516,1720.75212,20315.33424
City_14,-51.77896008,131.7830002,177.4206512,10.45581457,Urban,7248,5893.474236,138,17.2039393,38.97583507,13.75555687,57.44984105,2169.947571,42561.9533
City_15,-57.2715059,-163.7212788,3175.088276,14.89444964,Urban,905,34714.17775,76,41.19992428,0.81001986697336,16.93771917,66.33229758,1920.703001,25156.15281
City_16,-56.98718823,-170.5078892,4163.617428,10.18907187,Industrial,8486,12852.55529,113,23.68202089,40.91902124,19.89081611,57.508673,725.0062611,24123.22302
City_17,-35.23639627,-44.47318792,812.5890531,26.18686785,Water,4240,45642.36644,112,34.39171593,2.006942954,20.37199813,51.07016528,1971.840813,25025.31198
City_18,4.456157694,111.7991991,2555.753537,32.45076372,Urban,2346,42075.00262,64,14.11361621,44.49566882,27.9522121,62.32684736,1050.197763,42492.46509
City_19,-12.24989664,175.4194066,4119.697339,16.08705741,Urban,1978,35759.76539,98,32.97920286,49.59813736,29.90848252,53.88009342,1778.215694,41765.13554
City_20,-37.57875476,-125.8499192,152.7569036,33.17586362,Water,1271,47493.45184,158,25.3231734,14.70337311,21.60472383,77.31470761,1181.923947,20772.47963
City_21,20.13352105,33.88705753,3138.391203,11.50668476,Water,6025,2539.669254,169,51.11906056,10.51592781,8.616636276,76.90580558,2495.344527,17331.69313
City_22,-64.89110508,-42.87929161,1338.070533,33.36090067,Green Space,9270,37073.82083,56,12.84893635,38.26816819,26.39257207,60.0948728,1027.102959,25104.47318
City_23,-37.41396326,169.1691832,4159.782879,18.79056718,Water,693,17181.89619,85,30.93036375,12.65131705,1.476627436,53.11535976,1058.260942,29065.85298
City_24,-24.05486821,123.1628123,4369.762103,12.53552071,Industrial,2507,45397.2284,52,32.92157121,43.27811916,6.932425586,69.48529656,2361.344511,12678.52332
City_25,-7.907402841,121.7983337,4249.199201,22.14679398,Industrial,1685,14067.08464,182,46.25030381,5.142129608,26.92157152,41.46851774,549.2888093,39903.79915
City_26,51.33167305,-11.27046247,2133.963975,16.41941419,Green Space,2894,36517.96847,50,38.71437875,6.297759819,7.685745433,58.99076024,1893.377976,24837.65552
City_27,-54.05871921,-30.66497916,3879.191929,17.12182255,Urban,9802,44004.70396,90,43.36061686,48.95757776,6.619531789,53.45293577,1950.652781,17368.23187
City_28,2.562198914,-81.5734541,3800.472293,17.68224912,Urban,4505,3041.184101,92,48.85246428,33.69194491,4.143758794,76.8214354,2172.757155,6234.228655
City_29,16.6346224,-159.7048212,1435.95213,30.07564745,Water,7929,20484.7314,151,53.11014868,42.34436122,25.77335273,40.48012109,2448.878621,12703.41286
City_30,-81.63892571,131.3000555,3730.119634,23.47903192,Industrial,2761,38353.14257,81,25.69377484,16.21646887,15.00174778,62.11259503,2451.203838,47514.77742
City_31,19.35807334,112.6443633,166.5343562,17.78269248,Urban,4236,23291.02559,117,36.90113527,33.82418748,20.24679609,69.62654324,630.5535151,15949.88465
City_32,-59.30565774,179.8983624,2683.214453,25.25834458,Green Space,7216,14095.37886,182,52.00540392,29.71209137,7.171991522,59.4007195,2143.678646,9274.105179
City_33,-78.29071326,178.7892613,1035.039768,27.90376686,Green Space,5375,11770.46209,84,59.47255655,30.15750601,22.74121263,43.41612121,1792.619867,23572.96679
City_34,80.79939671,19.95541402,542.550986,16.81560002,Industrial,9421,7444.395079,75,54.47596555,34.12662298,22.80016635,78.8984556,1794.684269,16047.29942
City_35,83.81376595,96.83546946,346.2894073,20.33872754,Green Space,4878,42999.34843,61,28.57336313,28.76795866,9.377940747,60.72041726,756.6998532,2722.803263
City_36,55.51152266,160.1156628,3133.299491,13.04715233,Green Space,8315,29192.41476,84,19.75832586,21.45311847,12.32047899,64.56744977,1800.374333,16834.11565
City_37,-35.16952155,125.8730606,1529.437337,14.52873374,Industrial,3951,4742.862305,125,34.46962687,13.79613472,6.290708323,49.46439131,2464.965161,27661.32257
City_38,-72.41901948,-90.95468337,3261.450472,27.02794635,Water,8116,19746.43585,162,47.08207259,38.42906655,29.2968307,59.3399234,2323.637139,28033.90623
City_39,33.16194477,-17.80411129,294.1035336,14.53595869,Water,3300,19018.94889,65,34.62845354,11.3136215,19.36807731,57.16597968,1378.261322,18471.38714
City_40,-10.77255113,-133.5026105,1418.80652,23.12908459,Green Space,8833,9905.220345,139,34.15904317,34.61771531,28.03631642,42.99583368,579.8959466,22917.83506
City_41,-68.03311773,163.4583698,2427.710816,27.72615654,Water,5910,22339.87365,135,51.91152105,11.66664113,9.101566309,44.24641414,1224.58698,48310.37799
City_42,-0.868156179971364,38.2228684,3558.254242,12.67192308,Water,1955,17272.8689,87,28.07018895,31.2665085,23.45672739,73.49890078,2152.780623,19490.07538
City_43,-83.8100662,-97.68859002,1434.386263,24.18280549,Green Space,7392,17748.38157,68,52.98973374,37.35391336,22.97575932,49.59279809,1902.998203,13653.11385
City_44,73.67767237,61.81224639,2816.511194,16.41406959,Water,6308,37212.30133,109,30.34024005,10.93569445,20.74966956,47.79833086,1418.687311,12929.88516
City_45,-43.41960331,42.52616656,3986.899867,34.07317188,Green Space,7296,11939.90589,126,26.41165528,2.997165043,28.96916926,60.19645805,610.2030703,23430.46602
City_46,29.25401118,-51.06142151,2771.384347,22.08864117,Urban,5296,32451.13798,142,32.69949556,6.54868715,11.80666008,70.74988525,1353.789456,38216.48729
City_47,-33.8920063,-139.1192668,1048.317636,30.14981374,Industrial,5593,28961.83157,90,48.12234793,30.29984836,3.921519708,42.47786074,1438.049879,11093.42103
City_48,3.612243812,61.76635041,109.803517,23.75566355,Industrial,1825,28836.5331,166,16.30010139,42.47232031,20.15126578,63.07231679,2357.111066,35755.51023
City_49,8.407850282,7.310772325,3915.444933,11.08531332,Water,5476,33487.35996,35,19.82096079,2.249841062,21.87929401,44.76841771,1782.172207,2036.341344
City_50,-56.72619801,98.03462102,95.71234883,25.82878439,Water,9905,27870.71977,138,57.57224128,36.70756295,17.2518172,41.45844203,1123.305833,21527.71592
City_51,84.525233,7.2588604,3936.157527,33.78508356,Water,1659,44083.50063,64,18.77458137,17.0659323,6.204536794,42.10975809,1550.636529,39017.38819
City_52,49.52390821,126.7853401,2380.217103,25.0402955,Industrial,5150,34103.42451,68,38.3863659,23.9264185,15.13367825,73.36656433,632.1106156,17597.91483
City_53,79.10980948,18.68646196,4225.804643,30.47972149,Urban,5487,27801.19932,179,38.96572333,46.44297749,9.365692097,44.71889935,2445.136471,28623.11797
City_54,71.06892308,21.93766975,3594.524561,32.10516158,Urban,5197,41658.39289,198,34.4812231,16.59857524,12.82399585,41.80605458,1220.119804,11043.98241
City_55,17.62199619,135.595297,4490.703497,15.7019943,Industrial,840,30701.18168,147,42.23726243,23.2668467,19.35655728,57.51599549,1455.73471,37357.77417
City_56,75.9373623,-34.74616816,1578.20317,15.301121,Urban,4328,15266.06814,34,21.49133629,0.684120738034055,22.35644228,73.75973888,1210.567948,3561.67606
City_57,-74.07134963,-131.7545178,3452.3473,25.27452472,Industrial,2468,11147.65099,199,37.63311339,4.079936,6.966740727,50.49633506,1865.02346,42774.5896
City_58,-54.72308476,-169.6382365,1808.689111,20.27571175,Urban,1203,8464.061497,116,28.60866276,12.92957956,12.15976082,56.8685047,1824.464317,10711.62293
City_59,-81.859088,91.84941204,2159.440291,30.99653257,Green Space,5982,45073.30541,105,43.08336298,1.392612041,8.07484713,41.5969013,1930.644621,43845.50355
City_60,-31.44054046,43.31143849,2823.774584,32.50057808,Green Space,6876,35796.63616,187,17.06117717,31.5687663,5.958948416,57.96314057,1036.286459,18273.93282
City_61,-20.03808786,73.46871652,3931.547014,18.83553448,Industrial,2300,46931.54347,86,38.54387084,21.31991784,23.5016166,63.10452323,1131.336962,36411.49515
City_62,-41.15717428,-103.3329019,4428.375611,15.92176397,Urban,5963,30561.29848,156,19.26351777,27.40726014,27.27758083,62.83628215,750.5024622,16642.03959
City_63,59.17275165,-130.9062688,3457.230362,29.51313788,Water,5412,24196.64319,58,23.93215316,8.732359295,11.10696557,53.29706769,1811.019944,45389.67189
City_64,-25.7844012,-174.7639204,1879.95052,16.87015089,Urban,5148,3926.10796,194,20.93549002,14.79660147,22.53836773,52.62132723,579.5942547,7205.21915
City_65,-39.43178826,-53.78847883,1896.10651,30.56535796,Green Space,1355,33910.4718,116,19.14188899,33.19122374,26.90985868,44.26494476,1695.364671,9747.469674
City_66,7.685294968,32.37036727,3319.120357,20.59345634,Green Space,3366,29528.22923,170,51.28554758,48.26513618,25.38372632,54.67193283,2239.39177,25158.47613
City_67,-64.6336395,-38.79214376,1074.497156,26.68874748,Urban,682,49520.23579,189,24.28537838,2.52083868,5.484401656,43.97978675,2281.664297,5014.983513
City_68,54.39545654,-22.50902807,497.1335091,12.38838285,Urban,3612,12718.78011,75,56.35618909,44.51921604,28.68875645,70.66383779,1398.075521,10603.02905
City_69,-76.58088414,145.49713,1595.799709,25.59648312,Water,6170,27006.13041,145,58.49632627,28.84406007,11.30029321,78.65097191,1418.607376,47244.55273
City_70,87.63964859,-54.62803187,1292.575462,21.29419197,Water,4992,32896.90942,141,38.5630235,28.19597834,10.17721984,78.80297827,653.938366,48847.9934
City_71,49.00405847,5.036216098,1333.386542,24.66521158,Urban,6323,32584.96756,180,17.15005613,25.01392676,1.872939818,74.60284398,1841.530051,19436.70714
City_72,-54.23117732,102.1150846,1051.23488,14.20035519,Urban,2017,28503.3836,74,28.72741217,3.469704295,14.58520962,64.03168597,2142.518841,46241.01503
City_73,-89.00601892,-37.24459836,189.4193534,28.42184362,Urban,5502,39069.47251,174,49.88661317,4.493842587,3.270408469,68.03462789,989.3101092,27696.40911
City_74,56.78305712,43.95121208,80.4327063,31.56992694,Urban,1856,11044.07927,133,28.36953643,30.04560028,7.456194628,51.40823211,1342.601763,14217.38083
City_75,37.23432189,130.4509351,4444.750754,15.418495,Industrial,4129,36555.73281,114,14.35086092,17.04792857,9.508278653,65.23081681,2177.678674,35417.53733
City_76,41.22129025,161.8274245,1924.979102,12.39286389,Urban,4128,31366.994,163,37.83924555,45.86340333,24.2647897,58.22598198,2254.240935,33286.18852
City_77,48.8286624,-127.0535469,1729.469912,10.59096465,Water,8710,44907.68048,137,52.25604257,20.32952687,26.26465951,59.28069359,986.3599605,49467.14064
City_78,-76.67196269,153.5715451,3058.412772,26.04928751,Green Space,6632,42512.52751,47,49.79631936,7.164072935,9.073989524,70.31106242,1601.141269,13987.31708
City_79,-25.47616886,-2.838134491,982.1424954,25.1773509,Industrial,9824,16442.20492,123,18.75615701,35.73594168,25.76094364,51.27673422,884.9863013,33930.91563
City_80,-69.14356929,-87.03202021,4274.825328,23.66743532,Urban,7088,14535.62892,179,43.63823072,14.66767107,25.71692812,52.72158447,703.7575283,3549.163996
City_81,65.35861666,-14.71112775,3538.552565,15.7986774,Green Space,3811,49101.01287,62,21.02521317,26.27351537,22.93952851,76.98567165,2322.241003,6568.655896
City_82,22.19366283,172.8117271,402.3495104,19.7726499,Industrial,6548,26835.99386,187,20.91037673,34.89163928,4.40085342,42.24897179,2141.015008,1192.000373
City_83,-30.43835553,-2.657486163,1879.113491,24.86190838,Green Space,6746,45414.62723,155,53.70358867,45.01320556,20.70968541,59.42537194,2020.069804,49973.57337
City_84,-78.55949695,-61.6494203,3956.032384,22.41917147,Urban,1487,9030.170165,189,22.48344764,39.60955974,28.35072194,76.51203202,597.5326376,40311.41116
City_85,-34.02318209,48.02430755,4251.2941,34.69463801,Urban,3821,32498.12683,199,23.16236733,33.81805339,20.47621436,64.41452031,2187.457585,39549.42772
City_86,-31.46700204,-93.54757724,2103.306801,13.41099381,Water,5115,40683.14918,151,10.03266954,33.98165912,9.948505473,61.85628297,1376.088152,25976.57769
City_87,41.3291121,-152.6892019,2760.351251,27.37861385,Urban,8865,47422.36723,167,53.53345171,47.2962322,15.01737952,49.98976717,1184.790247,15703.28706
City_88,24.76034484,-133.6033001,751.6527574,20.1079692,Urban,4241,17529.66691,144,49.62974066,14.79120487,19.3717513,53.73101956,1592.952722,8411.949939
City_89,69.69829366,-133.903498,4460.258818,20.70499037,Industrial,3552,36524.07733,193,41.36644675,0.0556047098093703,15.31711226,74.08193663,682.7064854,14949.0622
City_90,-5.001313471,-125.3150303,1042.522656,27.93994414,Water,7074,27401.83744,191,47.5132882,13.59772797,3.598588252,62.36872527,2013.293099,19422.58987
City_91,-68.47303573,-130.0222178,4242.292984,27.31090378,Industrial,1226,3970.817377,57,17.60242837,10.89456898,9.36192134,60.58968775,1664.870154,38059.19475
City_92,38.3840617,50.71490813,2923.40992,34.78139984,Green Space,4260,34809.98713,40,32.91617973,33.09172926,24.07188092,43.98318854,873.1801937,27443.42766
City_93,46.94130875,-114.5231696,2734.815577,13.20985724,Urban,6306,34814.73135,196,27.56096937,31.68557999,25.84254138,40.64112626,876.4643995,4796.697701
City_94,11.02989556,-55.559778,2307.0983,12.60274123,Green Space,2375,46599.73344,76,14.68882631,29.67306914,4.119000981,78.54740755,868.4973031,1883.421439
City_95,48.77409239,142.8438276,1038.014153,28.10847043,Industrial,7493,25368.30986,156,34.30652426,0.812172160472685,28.57160257,55.07944669,614.0047751,6014.276797
City_96,-1.116792654,-9.373809505,794.376144,24.45967293,Urban,4533,12282.29511,176,56.03698252,36.43890272,9.864678535,64.12852248,1675.596899,21114.43697
City_97,4.091909289,60.32078587,992.1879408,16.85401666,Urban,5943,3183.627349,147,12.00295595,16.17652062,19.86941216,43.18860293,2180.696355,46726.45294
City_98,-13.0426167,-117.9648464,838.9721796,11.98548422,Industrial,1489,21366.46715,172,24.57304567,33.25279945,22.55475438,67.32457143,534.996428,32232.72158
City_99,-85.42455719,-110.7759532,3508.130131,12.14145624,Industrial,4244,15793.9183,155,20.37704681,27.82892143,24.35838704,77.30266835,598.0092899,40289.46909
City_100,-70.57954314,-165.2872981,1575.563666,32.35477187,Industrial,9111,38293.327,185,21.90733268,17.13654627,28.37249107,63.02661012,1645.540553,23852.35513
City_101,-84.34274658,-119.1833773,260.2920445,14.79668312,Industrial,1093,18359.12048,181,55.42172759,6.728813355,9.387586441,45.0446129,2138.991371,18721.63808
City_102,24.55387403,-79.70747795,4360.961836,18.08428905,Industrial,2274,47504.48862,101,33.40345271,4.720944883,25.75519364,63.2688611,1153.477781,6311.618263
City_103,-33.41592341,-116.2762257,3977.036482,15.66641006,Urban,1435,48153.19995,136,33.31497065,41.57591666,3.950607103,70.65388852,1199.228798,43920.71809
City_104,1.54272441,-148.0670878,4174.885274,18.87490765,Industrial,4308,31424.52092,166,48.02878212,45.9198771,21.15122719,56.25666146,1692.692995,39374.84142
City_105,73.36196531,-136.5710864,4477.085202,11.73559607,Urban,831,46504.35406,62,17.7246102,32.48940234,22.25933189,75.19350992,1048.425778,9237.786782
City_106,-45.12739875,-14.11964351,782.5286215,22.97649477,Urban,8422,38281.86288,48,34.36326771,5.171705743,20.33169724,65.94731813,553.2167322,26100.76763
City_107,-16.13107385,-105.7198614,1783.089085,11.69031409,Industrial,3202,27796.12241,103,31.49926071,20.10136084,7.569442084,75.96995673,1970.457036,24881.36559
City_108,45.99920494,-48.86285002,3412.073141,30.0089127,Industrial,6389,9835.088836,197,39.84553453,36.44696001,26.19129441,64.94021245,1751.299826,31629.48608
City_109,-48.81633021,1.230217508,3132.092781,15.84280205,Water,5554,23471.29923,186,59.97788516,38.9910442,5.065753901,45.25151888,1661.511998,47363.15781
City_110,-76.14361623,68.54213831,692.5315785,23.50029787,Urban,4368,28482.8487,127,48.4724447,5.910931115,1.609043746,52.38766844,1983.368258,29408.80065
City_111,-37.84473848,-165.8476297,3671.249062,32.00197719,Industrial,4700,43334.11746,170,29.89328515,0.00153594226912079,21.52394972,48.07179793,1850.461675,27470.64607
City_112,-60.98016829,107.7877436,1009.982573,26.27193423,Industrial,701,24585.33545,158,51.37765261,35.60685229,14.26427146,76.35305991,911.7639764,3465.823714
City_113,77.34557742,46.04414022,1007.179267,23.32394466,Industrial,2997,44986.05896,191,18.53541817,17.8298088,25.4729406,70.41600269,1204.962094,4082.466325
City_114,55.46166832,-150.5667485,2416.384903,18.10834383,Water,2342,34043.09997,122,11.52318432,12.72406658,11.50191423,67.05593476,752.2202834,10179.99278
City_115,24.01267617,134.4883047,2668.229707,18.32504783,Water,9601,7712.95409,77,20.22241862,0.644873489476272,5.048357655,52.03865279,759.7140268,2591.067813
City_116,66.86290623,151.5140642,2610.387935,26.73717388,Green Space,5158,49754.0871,93,27.02057781,27.01497034,25.09326577,47.36179088,1852.391493,37424.29188
City_117,54.66097384,-158.0119345,411.6907683,34.85348403,Urban,8044,26834.40038,90,35.52903787,42.55753677,16.46728895,70.25804352,2217.200214,36443.1849
City_118,-56.4173894,-80.32404667,3948.573882,26.54597975,Green Space,8218,20201.05652,186,40.75645703,47.88158231,5.675873772,58.96631784,2425.465168,7666.755487
City_119,70.66061973,110.2324607,1195.200192,23.94458543,Industrial,1270,33296.57446,68,55.53028586,28.28724753,21.61151996,49.03158209,1756.694235,41967.86614
City_120,7.081603545,89.37348854,582.8171458,28.26626276,Water,3655,6335.772385,157,35.49270048,25.72306639,15.33340915,64.66487913,868.2026467,8584.515707
City_121,55.33922793,-113.572433,3999.366359,21.63014031,Water,2128,32190.39369,117,35.06378223,4.252819274,18.12938947,41.61335409,711.3006909,15757.60376
City_122,71.29643399,-104.6342436,4300.431742,11.50355857,Green Space,886,25413.56402,55,12.51215049,27.44364008,13.82695015,53.04681017,2125.701943,13199.86806
City_123,-32.75937451,-46.630043,3879.574278,24.0574204,Water,6531,20927.02943,46,11.74557763,18.99895395,24.86126951,58.74227978,1657.512953,19243.04783
City_124,-70.19065359,-5.571725331,3642.822336,33.94063211,Industrial,6939,47697.98104,100,37.5579981,30.35676404,24.88688147,45.91833336,1736.570042,13478.52453
City_125,-48.97167074,42.57171775,2948.588913,14.38257356,Water,6901,26604.44612,42,31.90893066,19.43631739,21.28166465,79.3861791,2062.924178,24958.5954
City_126,-13.12059805,-47.19108975,2478.858168,27.25012227,Green Space,4508,11736.75649,98,51.95901975,12.01495617,3.162041322,48.36389458,1906.554455,20962.98619
City_127,57.24265787,-13.48750219,391.4404196,15.02334222,Industrial,2966,23489.21049,55,18.03397924,4.748263761,25.16561586,45.2141252,2168.916506,49341.90505
City_128,64.93150499,89.08953773,1838.039459,23.39569211,Green Space,2782,46049.98282,78,11.24858311,15.74592223,20.13038942,48.14139496,612.4278109,3740.391156
City_129,-88.7486165,-166.794047,1677.098327,12.41691124,Water,2356,9628.678095,36,32.4519384,4.832241714,20.91072498,70.76244533,1995.041273,7966.887443
City_130,1.934514464,-89.12270004,1168.892027,21.25927341,Green Space,8480,11483.8949,87,21.87392784,8.844847541,10.88948521,57.02022637,2201.705515,3588.468802
City_131,-14.86601943,76.80585092,3255.390512,28.90408322,Green Space,2498,1638.44882,78,12.48071867,49.36680793,26.37838668,62.61663759,1072.270085,31666.21855
City_132,-50.02059412,142.2744616,2231.440808,18.68928811,Urban,5976,1695.31242,132,46.22991434,22.20517785,21.76114801,40.84036628,1780.894548,3670.954593
City_133,-68.42423388,4.203879162,364.7079716,26.62279311,Water,9928,41640.18972,82,15.57965,26.59358833,3.377713996,41.37725234,1128.324128,41985.54713
City_134,-29.22926915,11.5608547,990.8244088,29.88624902,Water,5169,36874.00774,91,40.415975,43.68092644,12.23334103,57.83302199,2415.942133,26084.9929
City_135,79.7237467,-141.4180759,3074.664436,33.17944549,Green Space,9842,18397.01177,46,24.05248751,49.77844502,26.59141086,72.66620973,566.8471449,26823.3736
City_136,-31.82347224,-18.93154794,342.5888677,15.86605205,Urban,4818,35217.2467,54,18.67480252,29.13572247,1.415901051,75.40955515,1659.585688,28518.13088
City_137,3.382311914,11.74221592,3830.431113,19.9828979,Water,7564,20365.09039,160,28.98757615,40.62369105,28.84249859,43.4682627,833.0070941,9369.871609
City_138,36.5434126,-92.71061869,2228.159372,13.81040033,Industrial,7946,47691.943,58,50.07228881,16.34705122,20.37487705,61.53452408,1924.44041,10686.82485
City_139,-24.54667157,-83.07243686,2162.639598,34.81208755,Green Space,1931,48385.58139,146,29.60467885,15.28719787,18.94127933,76.52918745,851.7805668,16622.04882
City_140,84.92077489,-44.17770128,2665.835031,33.1750242,Water,6124,20246.89501,189,47.53848246,20.13518605,8.116777695,55.51891018,970.7665238,30081.32438
City_141,83.24051309,-172.7743688,3711.064347,23.49892826,Industrial,7961,42856.87341,55,16.27431484,33.62536313,7.463753662,73.18263326,1488.741622,11295.77102
City_142,-44.67918675,-64.05150039,1565.141436,31.05083236,Water,2319,38881.36304,153,48.63857098,34.10958446,28.26174658,45.34782618,2329.6699,6700.25463
City_143,-0.495268939370618,-103.8787175,3051.072687,23.02394943,Industrial,1630,16189.99692,173,21.84666625,15.76197173,8.948173627,77.41577959,923.4287443,48535.72743
City_144,-35.84190423,-62.10095322,2545.793838,25.5896422,Green Space,7063,12369.95162,54,43.86965649,6.660496207,23.2651589,70.0569327,788.4800422,2077.108926
City_145,-38.72871101,-136.8856325,1201.627216,12.2281108,Water,3158,23453.49787,83,38.28907774,31.61981282,11.79365395,77.65337571,2017.953664,40332.17286
City_146,-83.36034948,140.5898211,3953.834939,28.88176051,Water,4000,39286.09319,185,56.45723586,6.416293109,4.177622124,67.06468934,1501.239065,39613.72233
City_147,19.72158012,33.69328328,3588.417097,13.19283709,Urban,9066,48048.22145,102,29.3661259,28.92462541,0.321458930860768,54.53615728,2323.570225,15563.49158
City_148,0.482224181195064,64.47683489,2963.033256,30.65169076,Green Space,2620,38415.37437,149,13.30825944,34.6711064,16.32772011,77.5272469,793.2291143,7645.704184
City_149,-80.73382478,104.1016459,3827.617781,29.55070219,Industrial,4520,42905.14227,85,10.95777428,35.03057482,29.27336456,51.02267105,1791.855786,8135.803689
City_150,-39.84363644,-0.560808385539388,3902.823904,27.71861744,Water,3759,30550.151,94,51.34292805,37.67360553,11.07408581,53.28690088,965.7582923,35174.14924
City_151,73.48785947,-148.7086963,3187.633395,10.90400951,Water,2323,41934.98371,122,36.23678188,43.64297108,10.71577002,68.03233672,813.5208573,32497.52296
City_152,-46.87885968,13.35835505,3766.559978,17.5782089,Industrial,1974,39436.62204,115,48.76220259,24.9979496,10.32274854,70.61265198,1866.85883,39354.53804
City_153,-63.91892302,31.26280249,3138.621578,16.57781425,Green Space,2742,19472.29155,109,21.72128,36.51245948,15.61631512,77.17613935,1687.36924,46936.57745
City_154,-1.89850315,88.35821071,3060.633473,19.00341019,Urban,3743,28047.5248,198,27.25418728,30.95863677,13.2199465,48.19209636,2009.654917,34904.4408
City_155,87.41708174,-24.60256336,2783.751202,12.19106867,Urban,7490,40432.90298,137,11.50519361,9.33199699,26.3974388,71.91992141,1118.925153,8636.725291
City_156,-46.43005113,-134.071091,3387.224878,33.42394558,Water,5660,3256.779975,147,58.07461623,1.284482243,15.16562375,69.54184214,1395.943313,12928.68822
City_157,30.98439853,-77.84067391,713.7229738,23.84505602,Industrial,3634,40595.88484,186,43.39339534,14.22706928,15.23273515,42.55178225,1310.943353,42267.49281
City_158,47.09153076,-49.2903733,3963.918416,17.63810777,Water,2570,9716.518078,112,56.66025439,22.15168532,4.151147842,55.48892565,2468.178928,11255.99772
City_159,-47.22524208,52.53020688,3923.295875,19.92453793,Industrial,859,26219.49724,176,23.27482037,30.85529722,29.48218623,51.31061828,1084.497913,4553.593531
City_160,41.07894275,25.48018968,131.6127737,21.18006351,Urban,1641,40605.49654,198,40.57318056,42.49796653,7.499186726,52.17961697,1089.634477,35460.72265
City_161,-23.79903611,-51.80517868,3716.175378,25.01485833,Green Space,2135,13437.23283,44,43.92499841,9.812285835,2.200922024,79.31787518,1209.096418,20723.79142
City_162,23.81504951,175.1454896,579.9144036,22.89198569,Industrial,4500,13044.56453,160,25.87748501,6.277489495,19.89438747,65.71109654,1629.188163,46081.96257
City_163,24.03534794,38.07893497,1508.034844,32.98479933,Urban,3861,20735.45552,168,52.40546175,48.17399737,17.8609911,68.70704631,1004.645489,32862.49848
City_164,6.439443133,-94.59835498,3345.787153,22.42408707,Water,7083,44837.49708,59,57.35807315,5.402227969,12.45436962,79.06470549,2330.579881,5430.529912
City_165,-73.74784139,-143.3583099,723.4195322,34.80395037,Industrial,8335,1021.69629,86,54.24275588,23.92455351,12.66576702,55.0880713,1031.37113,47444.9718
City_166,60.35444921,-124.9707099,3680.851609,31.28562394,Green Space,506,45167.77174,175,46.9533488,29.27818644,23.55191763,72.07360674,2291.631463,13669.30592
City_167,-32.25958831,-91.45521778,3744.603801,15.21276286,Water,3767,8536.544207,157,23.87323399,27.06872105,5.871379203,57.38123853,706.9501273,17523.41203
City_168,-56.42666813,-122.1547056,2283.604802,33.26488037,Water,7064,49514.23243,77,24.08080211,4.301607852,24.60759957,74.78134687,1813.125405,20710.76027
City_169,-82.66047452,-112.8358713,28.73642273,12.90915995,Urban,5428,47787.50266,165,58.16801602,2.8513457,19.46241342,47.22630165,2313.971037,3509.990524
City_170,16.36072977,-77.36573927,1291.671599,30.43624271,Industrial,3106,25239.08429,51,10.5142248,5.274171373,12.56909321,77.90744708,837.4988768,25329.25569
City_171,31.96158513,-117.5855057,2776.171133,19.51558234,Water,6406,26123.29214,35,45.80249866,29.27938419,13.7408585,48.75086834,2436.65392,7042.606063
City_172,-87.01419079,142.8355529,4415.337801,31.94935801,Green Space,3773,24595.91767,133,45.31230813,27.21724438,7.699416216,53.04882028,1405.766721,20647.54601
City_173,2.176750494,-151.1158516,2843.160872,31.70141725,Industrial,8111,32136.73864,65,41.13447705,11.6870396,22.56342998,70.24768936,2391.430217,18184.77961
City_174,-49.23076046,8.824100245,1169.116115,30.148135,Green Space,1413,5445.36341,108,59.5054423,31.88870709,15.38624227,55.75020566,1853.640087,38869.16409
City_175,26.13110227,-32.25714228,2853.025664,29.75076091,Water,2511,2598.279469,145,25.59397179,41.0033751,9.625636282,64.32845507,1103.17374,40355.35507
City_176,-58.61404278,173.6563021,2429.934209,17.61697848,Green Space,1942,3827.443492,86,26.99859319,2.078947992,17.88150347,57.78294004,876.6050498,8517.231237
City_177,34.36879286,-139.6659952,3509.304278,12.02298208,Urban,6046,22773.90211,78,13.94697015,24.90649718,29.87203356,69.69479748,1107.470092,18961.00818
City_178,-20.38763767,-36.77198434,481.4128747,20.07450447,Green Space,2329,14501.84902,111,32.13990683,34.46552061,13.05786839,49.13325009,686.0348185,19294.30489
City_179,78.61139797,169.009356,3424.625561,14.33811287,Industrial,9267,31479.93856,95,23.05242631,12.61559635,27.62074202,42.33831949,787.7359327,8419.111753
City_180,-65.24623005,131.5825653,2435.699604,27.37377722,Green Space,6968,49629.67218,106,27.16933511,15.38854526,10.3505052,51.9971759,709.3208807,40124.22175
City_181,-28.60805681,114.1459455,4333.464017,18.65249316,Green Space,1429,19929.83548,74,51.72858951,30.68189515,1.641981208,58.97234659,1345.887087,35654.18809
City_182,-69.57476618,-87.15498226,1538.424747,34.39025502,Urban,4199,29118.22145,108,56.77422568,44.89676467,6.127263191,46.72080209,2091.156753,10328.70753
City_183,76.44485129,-118.4804685,2846.798519,26.02430193,Green Space,1554,21364.5909,49,19.2866536,40.49622102,12.5608543,54.19189159,782.7671084,18969.37352
City_184,67.92108361,60.71155917,4194.126475,30.56201409,Green Space,6244,42516.31172,152,28.62544658,29.15651095,6.589047858,55.99932073,760.6408663,6184.446218
City_185,-43.57050701,154.5753561,461.293776,13.31311682,Water,2400,45209.58377,96,56.43152811,36.51108589,0.00681114654766612,42.29567375,1786.857899,31782.12326
City_186,28.79712829,20.43464149,4217.528193,31.55036206,Water,7480,43990.425,112,13.09042303,18.24112351,27.45004613,63.33228993,894.3659639,6947.224303
City_187,57.09999604,25.78056821,3095.48575,33.06892976,Industrial,7569,48744.2397,32,14.61802641,32.0482764,25.31638234,75.37373712,695.2200762,49310.77426
City_188,9.936146088,-79.20752628,305.266766,22.17654797,Water,3915,2348.440072,93,18.13954946,23.30907956,22.26876694,46.06971652,833.6971564,39253.42166
City_189,5.337104104,97.01745595,1354.336051,25.15632344,Water,942,42150.99195,69,39.76064171,9.496806823,5.034437869,63.91232054,2347.462792,20121.68893
City_190,-46.46658764,-112.6642505,3186.774399,29.12024502,Water,6718,37836.83648,88,17.52361355,35.08691369,3.610907286,66.5895682,2142.942506,29349.63268
City_191,-73.24150179,-63.47547489,303.0777066,14.37096568,Water,5152,12206.02606,91,58.40381907,27.82323187,2.028142484,56.77338722,1208.129125,45655.74899
City_192,71.49883643,-26.8428821,2619.767071,22.56415191,Urban,8439,47859.68458,161,32.33572636,17.9310791,21.72087566,68.04390349,1811.641535,28150.86474
City_193,72.07525029,2.739736326,1556.473756,19.96657569,Water,8333,8260.718483,89,35.07589802,45.5669595,27.86423882,56.42926174,1574.551347,9550.425833
City_194,23.95826231,-92.73249633,2794.11983,13.6593498,Urban,9870,34297.94643,145,22.33293079,1.046705891,12.91607463,60.18549152,1854.248527,19556.46442
City_195,-28.97463761,-138.6587431,205.8391522,19.18836056,Urban,8097,12019.62062,104,33.54801262,15.78865756,3.57422016,40.29412178,1865.342305,42314.09839
City_196,-27.14227657,39.82321528,3921.915628,11.70430773,Water,4958,22137.65179,151,43.09568163,2.844069889,15.37178462,67.66880457,1757.46803,32566.43778
City_197,40.6720222,-76.09300083,4380.700361,10.64529767,Green Space,7091,36238.83495,136,47.55885685,38.32636581,10.46495722,66.45370716,1032.202737,32885.49483
City_198,71.47984679,29.24575971,4359.950349,13.37915723,Urban,9949,28602.90746,125,47.69340414,35.10537271,11.24474773,41.53603509,578.0128415,43474.2528
City_199,69.67555637,-124.4294225,3373.433243,34.07787779,Green Space,2809,21947.58974,120,38.89455563,16.56761094,18.63991872,54.7300043,1411.133564,44804.67982
City_200,50.37759825,-6.789563332,585.3880806,23.7382384,Green Space,6768,16990.58312,187,55.21798875,33.78314511,21.5615434,79.16127363,2281.947769,46069.83602
City_201,25.56569631,11.73219572,3412.184382,34.14555403,Water,1410,42143.32313,159,50.87039237,19.79686131,3.318107966,56.8294625,1638.994517,5647.610469
City_202,-74.8548063,-161.3435267,110.6411241,20.81244696,Industrial,4840,8046.903165,91,47.85240573,37.81268957,1.067706924,60.07781621,2164.782083,27662.1741
City_203,-60.90683146,-58.82245985,99.55598188,17.79540333,Water,4509,22075.04095,78,12.78027608,22.70918314,29.82990908,76.39720633,2483.248686,37284.96654
City_204,71.73975393,-131.6107163,1456.245986,22.65354657,Industrial,7128,45284.12102,166,10.34389811,20.61398639,6.981850467,68.69047503,827.2324083,38089.41541
City_205,19.15723074,-157.1850106,2198.894357,20.98779222,Industrial,2669,42446.62797,121,20.62236386,46.73649577,1.614915747,63.28280524,1883.555278,30729.0939
City_206,-88.34453071,176.3856837,3466.83338,12.64161711,Water,2672,20646.14636,188,43.1761797,12.54395499,5.696259873,71.91218725,1848.587147,9172.579424
City_207,-71.73512228,-63.95261581,3074.829195,26.02065787,Water,6168,38392.30982,153,30.55987444,6.022367,1.16873539,74.57465066,2459.910895,40073.60714
City_208,29.43031844,111.5548005,2006.562179,15.40095456,Industrial,6813,41334.8807,90,30.12031296,29.22715566,11.75432684,58.27552287,2471.201468,36285.45534
City_209,-89.08891491,-88.32936429,1231.319998,25.48969887,Water,8815,44555.48378,77,54.22934441,48.46609061,24.07205353,59.0043346,1873.357223,5220.652806
City_210,-61.05455074,65.34098,4487.060251,26.25502731,Industrial,8536,27680.78268,182,54.77814241,18.89196069,10.23733349,55.44203743,987.229584,23726.68141
City_211,8.772082086,93.68202956,1917.81586,13.80062133,Green Space,7289,11018.58342,193,55.4587632,3.101838181,13.32550221,78.6682456,2097.111676,9524.892577
City_212,34.54113558,34.42994662,2031.241609,11.53374068,Water,1285,13510.14475,165,25.69390383,16.96526337,20.26760321,67.88665017,714.0582684,17536.37524
City_213,27.35302671,-10.23257212,736.3071954,29.51903965,Green Space,6639,15489.03903,87,44.55279064,25.29658272,15.2668221,43.32892265,2061.398608,1885.973518
City_214,-49.6315243,-31.73727091,3576.642969,21.49501059,Urban,6844,30096.32156,130,23.58165906,8.096150332,25.84337058,74.51838493,2320.392248,20616.16355
City_215,38.19225984,-54.40742404,3121.570016,11.45409489,Green Space,2916,2607.671582,141,19.53049165,32.9051109,25.98107025,59.22239763,1265.66679,27943.96914
City_216,-47.29516425,154.6304919,993.4632575,34.87165793,Green Space,9488,32166.08097,91,19.23162287,49.88746945,0.297320864734609,42.75015626,1761.27059,31359.54705
City_217,-31.42805433,119.0229868,370.7147053,11.44451402,Industrial,4654,18853.35768,68,27.10538104,22.5869738,23.34138919,61.98869021,1360.285464,33511.02691
City_218,44.36845292,167.4096878,3062.246859,27.37588072,Green Space,6119,15466.84832,87,31.49788099,17.73642784,13.82200801,56.68657116,1375.53011,41978.27434
City_219,26.93392183,-135.2529995,2945.300464,34.59197313,Water,2436,44095.33197,128,51.54745855,20.03520834,29.66521624,75.10997619,1120.741778,11557.68246
City_220,62.86021389,83.11229107,1229.667871,15.97950261,Industrial,4307,23540.11738,73,15.99455467,5.75730892,14.49696228,48.15978414,2024.259241,6903.609299
City_221,28.37032061,157.8025645,4278.88603,13.55623422,Urban,7651,5657.599231,58,46.74629237,44.16368007,29.60687836,73.05858438,2372.353128,42725.32142
City_222,12.2955486,-114.7560962,679.760513,13.03462349,Water,9993,41510.59163,88,36.57274571,20.74128278,22.63708084,62.30754765,2381.501718,8674.02793
City_223,-73.13854179,-156.0613437,1945.506605,17.58187869,Urban,3736,3334.421614,100,24.39726713,19.36372057,7.458146538,42.18441213,849.5625697,48763.24399
City_224,-23.81115545,86.80343374,4246.271641,12.52614528,Green Space,2852,36610.71198,121,34.64097923,32.98451365,16.15184938,78.87381205,2249.487299,42284.37324
City_225,-42.26357382,26.81032074,1888.772926,27.30403354,Water,2432,38921.40487,38,24.99710349,22.10167105,29.76406918,60.50460976,1974.862883,25542.95369
City_226,-46.08186419,123.0583596,2873.366764,11.55729495,Water,9056,18277.52769,156,39.80409776,32.41167344,25.72591823,51.63507417,1005.674801,49089.64982
City_227,85.14189986,-129.6819444,1789.174791,22.7355532,Urban,5416,41414.60496,163,31.69219614,3.072314507,2.921006814,58.77627368,634.5692258,5771.459726
City_228,-19.24240956,106.2962323,1233.968411,34.91742135,Water,5998,26267.31089,186,18.22027645,40.68616719,21.1911599,74.31431134,1035.994534,15850.2223
City_229,70.56837993,-107.4141648,4427.899416,30.34925674,Water,1446,23701.38901,174,15.82915373,47.02519764,10.36738758,52.19612498,2324.416474,32272.99634
City_230,23.60495268,-121.0838606,1842.003028,25.38048596,Water,1939,3224.760792,173,37.3347841,32.43826931,0.209467856410443,47.70705586,1766.35735,18150.33656
City_231,53.06603464,-120.8643127,4023.446417,17.65634052,Green Space,8230,15211.43049,160,55.12065166,47.72829644,12.10442907,45.16284988,1942.109322,46490.25505
City_232,0.474676758934577,113.2468993,1034.795727,25.59739591,Urban,5357,46619.48857,50,27.19788433,7.571615718,7.042632652,51.91437594,1014.304702,4215.678321
City_233,13.84269923,59.47099945,958.9711681,23.1760366,Water,840,20199.3742,93,46.65000536,23.87080947,24.56607812,71.20192348,1938.776311,27921.17977
City_234,-1.346815113,8.303552917,140.103373,20.6520846,Industrial,882,27788.32551,119,42.93306775,30.0903367,10.11991827,58.86505461,556.2430126,29952.4471
City_235,-54.8562622,-50.82102572,2932.500714,13.26775942,Industrial,8991,27069.06227,65,56.57774572,29.08683237,24.82571082,49.09926415,1250.642692,32983.67807
City_236,40.04138075,135.7921947,1658.368547,32.16510538,Industrial,638,29931.1234,91,51.04905086,20.07308895,0.0179381650438592,46.64739998,1753.506697,13527.64494
City_237,-39.46097476,-38.71976133,3889.612124,21.24461622,Industrial,858,4005.216827,199,38.33026295,16.90422047,9.234574501,53.30917906,792.1931311,18863.75495
City_238,-85.62312604,113.9757982,2129.44458,14.8655628,Green Space,5431,18746.63649,105,42.85152491,6.341201128,7.234956429,77.59697492,2146.007149,42340.34595
City_239,26.18501326,-21.91143291,4356.870426,19.19398377,Water,3956,36433.28542,199,54.91932333,19.58712253,7.007020832,53.7210685,970.0625976,10552.19568
City_240,-58.12007771,-44.30000541,834.8648207,20.35324381,Urban,2127,10827.4523,42,29.97593923,8.133040755,2.045598593,79.52496304,1804.562226,41516.52451
City_241,79.28254518,-13.43527716,3908.804256,30.68844739,Water,9995,10975.3405,40,26.33973529,36.71828382,5.613728112,59.40921823,1310.394285,28570.11572
City_242,81.70714386,-71.5039653,3494.685838,28.34035951,Green Space,7126,1494.439728,83,10.54055418,10.44154677,16.6664871,47.16655673,1692.087191,38347.18805
City_243,74.67559024,89.13937686,3469.148301,29.23262234,Industrial,5504,22436.6144,45,51.32755371,2.928265264,8.740832185,75.64560367,714.9011053,35966.76095
City_244,-23.37143395,0.979340433292492,3801.524527,10.27578161,Green Space,9826,44253.98465,37,50.04903502,27.61830689,12.52184347,58.41421493,533.8255998,11168.06327
City_245,-87.21780902,-96.40342975,3424.607959,20.40384995,Water,7152,3543.146236,133,15.22272591,29.76148664,11.30600641,68.38685374,2319.128855,28871.82409
City_246,77.09734127,143.8468464,2817.991447,22.03360379,Urban,6916,10364.81677,88,38.84286906,43.59565306,26.27714775,79.34846333,1039.260018,43518.43449
City_247,-12.9268533,-41.79916031,590.6019496,10.47980692,Green Space,3670,16194.14238,86,33.19908491,28.84908062,27.15896997,42.00701401,2139.354006,22173.6956
City_248,83.99786743,15.67903,146.3678077,16.49533022,Urban,4335,36854.51209,69,15.93545478,17.27404269,14.78870915,43.86778239,2498.700601,48362.94774
City_249,83.45159588,146.3299599,4143.815315,29.00724558,Green Space,8517,32391.14405,159,59.02841135,40.15059408,9.904678509,68.81826966,922.862516,23158.5399
City_250,63.54170198,44.72567853,2774.926415,13.42774264,Urban,2651,21381.25132,123,20.73479437,27.01394466,3.20402112,51.27300013,1030.341482,7996.496197
City_251,-36.99919943,-137.9167053,3584.417809,23.38275329,Urban,9929,38194.37802,167,13.361709,3.964014232,28.60208638,47.37205588,1825.719575,20082.29932
City_252,-20.68240885,158.3395645,2166.850582,15.3800468,Industrial,7405,30871.91957,73,39.74236898,28.29252802,1.806808347,41.57447519,2430.897269,47633.41791
City_253,63.20460087,45.97489911,527.8868503,10.30301937,Urban,3334,44905.99918,168,46.94333386,45.40092727,8.929508327,40.87386848,2331.628696,16666.32162
City_254,-32.95403907,-59.43397872,563.3360649,16.03003644,Industrial,9690,41083.31071,109,11.6221723,19.81563127,8.941986035,70.97942412,1505.75104,43536.80983
City_255,-59.4913056,-129.8620538,3085.043793,34.39684387,Water,3067,13387.8667,110,42.93588194,14.81629009,9.612038584,45.37733709,2090.220565,44181.2834
City_256,10.22422724,105.8490681,1936.376527,30.0384278,Water,1807,14300.4903,31,36.6145938,7.173472851,4.928605298,58.70882464,771.4917062,18159.13969
City_257,78.50785935,43.22619213,902.3612702,33.98941611,Industrial,9348,7142.467314,169,15.16325044,7.572276097,23.49484293,64.23587261,2454.876368,5079.625244
City_258,35.2853634,12.04599311,2212.17546,22.1963511,Industrial,3160,17511.27156,144,18.62619385,21.63857422,3.674935859,57.13407202,2428.706468,36503.33755
City_259,12.61101062,141.8013299,288.9402168,12.74340497,Green Space,4230,49977.65202,119,38.39871487,29.78399121,19.04719977,41.08426609,827.4579158,16264.10265
City_260,-72.50823112,103.894996,2618.871309,23.69898722,Green Space,6707,20881.80726,52,24.81788068,4.030770258,3.715380801,71.3400601,1098.84625,39363.2571
City_261,20.70130081,-125.3970433,1210.47032,21.35943336,Green Space,3662,11803.9333,175,56.91578643,46.97842945,2.116069128,40.42052898,700.309995,22690.08756
City_262,88.20969302,-67.78005559,3589.015953,31.10892707,Water,1640,38361.66134,91,50.93701147,37.75668087,27.28288511,70.47559578,1043.435198,24778.07037
City_263,-64.78487726,-90.54390967,1396.628815,12.45206452,Green Space,8958,27581.07917,142,59.17836033,29.33119591,5.70386299,75.73217975,2131.911579,39117.56093
City_264,3.299337425,87.82066533,2048.490671,22.20602843,Urban,2208,8330.471027,157,22.98354195,41.42193355,24.63750464,57.31359684,1256.631214,19735.80322
City_265,67.92715295,-167.9283235,52.29242959,13.75121662,Urban,4130,19653.79438,91,58.48618164,4.009337841,16.33892613,61.42169892,676.7939343,22713.23992
City_266,43.3383512,25.16028655,326.0109951,18.11689817,Green Space,3711,21309.01606,67,31.56169349,23.84194389,2.335695588,59.0793357,1184.45105,19433.33297
City_267,35.46283338,94.48512687,1766.221004,28.43392693,Urban,7038,37937.65533,195,27.37593977,31.50465634,28.66344574,55.56834474,2462.766668,18999.68525
City_268,36.44713512,135.6356292,2159.724756,21.90045323,Water,975,2012.897076,90,12.51747635,41.43264531,7.40883501,75.49698141,1759.367191,26771.38227
City_269,-25.29159278,-56.85057046,2700.092467,19.39720713,Urban,8184,14181.96269,158,12.63826289,39.173478,25.78936036,75.75734043,1332.321893,40631.17278
City_270,-37.15346803,115.6526297,1312.481604,19.86190696,Water,9668,26362.21876,185,44.6005628,13.85346249,5.064300174,53.43265459,833.077027,18726.64728
City_271,55.68500799,-140.1725747,3127.418488,21.48616921,Industrial,1707,14173.49038,178,32.89644972,47.04400848,25.61828646,64.60279016,2472.353595,26688.48131
City_272,55.82041104,124.722825,3870.550787,29.6254136,Industrial,2460,31793.26832,151,21.3260813,6.217292072,0.396864387158819,77.07630249,2141.698019,33865.63895
City_273,66.07301734,-134.1040816,3509.32945,32.30211722,Industrial,1057,24611.50648,139,40.69851532,43.75668093,15.3534137,78.48233996,1062.954605,14202.53287
City_274,74.38329946,-36.9765754,178.2847141,33.88336716,Industrial,1382,18723.80249,42,22.64290591,48.54701248,23.08327738,60.35836162,640.1373914,14598.61744
City_275,2.041631795,107.0263317,2162.281263,29.67258466,Urban,5261,47511.22272,184,38.88158772,8.857676161,28.04386552,58.11299221,613.2511148,46737.24322
City_276,0.272933043695928,-126.0297262,472.1858029,17.88517239,Green Space,6367,31975.81546,129,27.96043735,36.10330321,27.27606409,51.14777264,740.756299,36453.19409
City_277,53.69313221,-97.46949772,1089.202571,27.20336765,Urban,7463,7367.127241,164,51.17761133,2.014275939,24.58874609,78.35487493,1661.537167,29282.14713
City_278,26.99350754,80.01092462,4439.98167,20.9400781,Water,7666,28444.49317,51,51.03480804,20.27114126,26.64574049,45.71257218,2357.526842,32738.28267
City_279,36.35403791,79.21315316,641.2299431,16.36676555,Urban,8429,39255.86081,103,33.86751991,25.81416496,5.976590575,63.19318304,1493.486856,2435.672712
City_280,53.2426805,50.81314784,2244.996691,31.02178949,Urban,5847,35715.99518,161,27.54095547,29.0322613,8.525528871,51.3020107,2185.890965,31287.04531
City_281,70.20096153,69.82144001,2781.700804,10.96065872,Water,7769,9432.372235,52,28.12798983,46.79686241,8.669055748,51.16033161,1391.77324,25965.93479
City_282,-29.16087177,15.38079961,3161.092367,32.5440498,Industrial,8625,48648.57995,148,50.28572628,33.61253436,11.31161793,56.1987435,1917.167092,27741.73431
City_283,-22.39506852,-89.35233879,2518.419076,21.53693662,Industrial,2954,22991.86864,99,26.40897414,24.06389756,11.79962011,79.95171743,1963.745475,18611.76751
City_284,-73.08325083,-55.54944234,43.96881339,25.93003692,Industrial,4994,8792.225183,113,20.45296869,40.48375181,16.33665974,42.19865227,847.9274118,4992.220988
City_285,14.09042538,-114.624822,1469.075887,26.48384806,Green Space,2446,9829.591952,130,14.23441709,47.52664105,4.796392901,63.14167273,1222.432118,10473.62245
City_286,-83.53039072,147.0422021,2329.702395,32.37794352,Water,3308,5813.514617,113,33.33465604,1.103307434,20.73739991,43.30288632,1774.604313,47586.49095
City_287,-6.192356736,30.02104612,395.3992462,25.91674205,Water,7142,40372.38731,190,34.10660495,49.12606361,5.026996179,46.1808332,641.3932164,21026.27855
City_288,7.676034247,-35.69348997,1577.82119,25.34833962,Urban,4325,6979.494222,57,52.04543552,4.306606953,9.309254463,57.58251767,1223.080376,23867.47464
City_289,-38.42257462,-13.67791069,149.4139896,11.66630101,Green Space,4036,7131.1376,165,21.06193482,40.71933896,15.10035392,60.41840525,1569.598933,3582.779703
City_290,16.3499869,161.0220023,353.6032372,22.96020055,Industrial,6568,42673.10912,30,29.04956368,14.01673763,23.89321685,50.35169633,2492.448986,2840.745248
City_291,-84.50995501,-124.7934949,1786.154743,13.75422502,Green Space,4302,17885.60014,194,50.42028694,6.608982888,22.184077,52.65828523,1449.067125,36141.89091
City_292,-83.27732603,31.04273953,597.2208932,28.43584422,Water,5199,2512.037311,92,51.18118054,21.99278199,19.36603069,43.47868081,2132.113514,27366.63854
City_293,58.06810092,2.119924398,2553.933817,22.80554802,Water,2470,3542.869676,51,29.2305538,32.19782897,4.673197817,52.12879135,1364.13457,25926.59323
City_294,-25.16568455,40.12352476,3102.592361,27.00569448,Urban,6306,7966.351888,99,32.95620116,19.04759225,16.41136037,78.66233758,2092.781445,12913.10199
City_295,-67.12910772,-173.4803338,3602.640146,11.04182252,Urban,6642,11456.27405,154,25.16429454,2.728270414,2.623395054,77.78829527,1690.829603,37492.78585
City_296,4.00378681,133.9646072,900.6760991,12.1198004,Water,3319,33592.16352,178,56.62774392,29.97305698,11.3208953,53.39513161,2273.190883,9243.592376
City_297,48.59883956,155.5625817,753.6716202,27.9080847,Industrial,9594,8708.98772,125,15.93218829,45.12016381,12.40549591,62.83415745,1321.885105,10306.80244
City_298,-51.15221505,23.44794609,470.5552815,11.8021084,Industrial,864,6824.845168,192,56.68747115,19.1607683,1.194343183,76.38381564,1708.60884,23574.8964
City_299,22.12028565,70.7942966,2863.936123,11.78141819,Green Space,4758,38471.23793,108,44.19332259,10.81663888,8.219642984,40.24735291,1760.037361,15027.71324
City_300,-74.6374563,152.0997772,3179.140769,10.30271188,Water,3619,33881.70891,34,36.57860763,22.1288673,28.66948402,72.42734281,1334.765884,13125.68608
City_301,-80.69729019,74.60590835,142.1376517,33.91253496,Water,2363,22330.88685,89,11.63295304,2.418135552,28.60897823,77.93478211,788.6240874,32616.64458
City_302,5.643833682,-125.0859446,4212.955108,28.43770899,Industrial,615,27916.1788,149,33.77980959,41.02437922,10.56981163,43.65302937,687.1188138,32897.61552
City_303,7.31432189,27.46380966,233.8707764,18.83128521,Industrial,7584,16287.217,75,30.38740525,41.31704055,1.293003268,46.45790744,533.3431012,41401.33642
City_304,24.73738227,38.4174167,2435.833509,17.41338953,Water,8516,24642.52059,163,18.0609406,29.40002317,5.37284818,78.42985211,2247.068528,21467.71978
City_305,40.69644007,-27.31295833,3190.772338,18.74258074,Urban,2884,25826.9598,85,42.82048018,17.65514445,11.7665338,61.50160575,972.9498245,4581.16946
City_306,85.6533743,85.11992482,3919.361057,29.36633828,Water,4435,19974.62629,139,58.55754537,39.98916822,28.43339094,40.56786538,923.0134986,14409.65286
City_307,2.934062694,156.3721253,3213.391195,26.53426528,Water,8242,45422.03832,186,38.10944055,27.73435124,4.235971906,50.30527995,1972.070801,49020.2677
City_308,-31.86783487,153.2046646,3607.776374,14.6298892,Industrial,5942,1787.031384,133,45.73766382,41.29661543,22.90547531,57.99774697,1140.032226,30216.67019
City_309,53.13351506,-17.69782629,1527.525866,14.35273338,Industrial,2990,39326.39189,106,13.42252263,31.57293963,3.260476181,67.71635644,1512.089385,35777.11716
City_310,-41.25019477,-139.2343035,3666.713012,12.45989124,Urban,7480,7094.758731,175,30.88334979,39.22027366,29.43772732,69.32641513,825.0221306,1360.533652
City_311,-10.98514427,174.5428316,360.5168087,26.50756799,Urban,9634,40079.82067,31,15.81792426,29.92814966,11.44849497,79.81686052,2419.491443,26392.08088
City_312,-75.87785136,122.0033111,4026.674952,29.10931656,Green Space,8161,31179.68387,37,40.63979178,20.70705341,23.25703617,51.50044798,2203.1628,2838.904219
City_313,-85.43686619,-135.1214348,2464.165693,16.62616071,Water,2224,42320.62646,104,56.92410791,47.897293,10.27773248,61.52880407,2227.579246,28892.28039
City_314,83.27671464,151.5030777,3677.839965,10.52362403,Industrial,8682,5778.201956,154,43.08888662,27.05569124,18.83006631,61.33294191,1313.547497,46117.77163
City_315,60.47642169,133.1626903,2035.43228,12.05429169,Urban,3267,28390.05107,67,13.84015242,30.25447593,5.760482542,56.22581038,2024.722427,48452.53739
City_316,35.2753571,6.781700565,2896.099628,34.19650087,Green Space,1637,25553.30613,56,27.73331025,11.02438197,4.380630579,46.76647575,787.7523108,27487.08109
City_317,-16.38847001,32.85915687,2368.811974,17.38611944,Green Space,4617,35603.46597,49,37.53316897,31.28253947,28.14192419,79.09826253,517.2380052,23452.03546
City_318,-58.80702239,-36.35902661,3292.152848,29.2305787,Industrial,3920,27180.23704,169,30.16038781,28.58038247,27.52941834,74.13268747,539.9458652,47305.83762
City_319,-61.84133232,-160.28581,367.3349191,25.61658922,Industrial,6345,27495.99379,72,51.68220052,9.241919897,26.62406821,59.93332113,1673.203475,34006.88177
City_320,-44.95627833,-59.32899301,271.584378,19.54849099,Green Space,5278,22050.20124,60,50.73355024,2.979354868,18.7630035,64.12981691,1410.78981,4180.064697
City_321,8.860799647,109.0272415,1111.964553,15.14218155,Urban,4406,16132.88678,120,40.59155101,30.21796599,24.24804634,49.09044214,1536.030698,23820.55331
City_322,38.62726609,-178.3324717,717.9510605,13.03466045,Green Space,4137,24630.9537,90,28.67289726,38.18461347,2.071108107,61.75148282,514.9262808,12772.0059
City_323,28.83552781,-59.94029819,3923.02605,25.3753242,Water,3453,6806.12558,138,22.76681869,26.17006855,10.04367126,67.79880532,1345.373239,24020.41175
City_324,-39.61189855,-36.65927031,986.4629431,29.36584452,Water,6429,48114.15361,120,15.29371591,11.33863127,9.411093743,60.60668114,1936.136322,23317.81303
City_325,81.87575052,13.46241706,4391.393651,26.09760634,Industrial,776,36006.12742,192,27.74488417,33.32609883,19.06935966,79.61140682,1385.387404,29525.09534
City_326,42.82144501,151.1480219,1516.031063,23.25755333,Urban,2499,47670.88872,124,30.65862586,4.00528633,10.6787332,64.45366625,1964.438413,18481.75403
City_327,9.783729452,-55.31544203,819.5306206,11.04878059,Urban,1727,12109.64173,172,43.79114626,22.09168524,4.455203449,54.8389485,966.0379288,9049.252023
City_328,20.10973432,-55.09684732,3553.643282,34.21221944,Water,6837,44087.70999,173,42.90799121,8.16833792,17.89401226,70.8860811,2126.284009,25682.25229
City_329,-14.47198876,85.50044932,2964.18499,29.96785479,Green Space,4235,40630.70924,42,13.50540698,9.222952553,24.43151762,46.81850046,1676.862481,41679.94133
City_330,-45.40842189,-17.20154128,2241.880724,17.32055092,Industrial,1195,34180.46821,142,29.76296577,10.11469746,11.46370483,55.38063255,921.5261989,33536.59918
City_331,-25.92491784,-99.14226374,2499.135979,34.49925823,Green Space,4652,31626.43012,64,19.08894336,19.33535285,3.968061453,53.87835802,973.4409517,17580.02543
City_332,46.41229988,-17.12177419,3236.408002,25.04703974,Green Space,8401,16510.9336,178,17.84063527,2.557510281,5.900645919,57.2722838,1756.060929,46840.62812
City_333,-87.40917205,-129.2914727,1028.046336,24.56056646,Green Space,7970,41004.12846,187,51.36510749,19.88967205,7.124499155,71.27119304,2159.879186,45698.17099
City_334,-69.10692471,-116.5006849,4483.502622,28.70182949,Urban,8037,25574.25761,77,12.09576084,25.58537236,8.99692779,59.36692129,1331.255564,11258.07157
City_335,-81.71952444,-0.587601813787301,4386.56923,30.2942447,Water,3341,4473.687219,64,30.9591438,24.16471425,19.28385212,71.76057801,1016.600858,2931.461671
City_336,-82.66881558,-29.18683818,2926.465589,26.41196518,Urban,4708,16330.29488,115,18.41018279,19.13920502,18.02836454,63.05955613,2234.023214,37324.12671
City_337,63.98290512,149.3445244,897.9410292,13.20239366,Water,9233,46829.55783,195,53.96651078,41.9573304,20.88239585,53.68277739,1838.536584,41552.90281
City_338,36.65841469,-49.53819632,3061.027091,18.45668765,Industrial,1588,42683.33277,188,37.85202566,7.266334621,10.87505954,72.39914975,1396.170975,48425.36373
City_339,-4.648710764,29.0118061,324.8928404,33.20209101,Industrial,3863,49113.37921,181,21.56903182,25.28483719,24.71992956,49.53158682,1475.800391,44601.98331
City_340,-72.38985108,47.61514365,137.9362599,15.6153903,Green Space,524,31771.67575,143,35.12136436,3.102070848,6.122629835,48.97531919,908.5129359,30426.20364
City_341,-1.509142479,-175.2859956,1159.572998,19.3041756,Water,6644,13127.99358,129,46.57431799,3.557783944,14.07122243,60.18011696,1753.60526,26972.56462
City_342,-4.775081259,58.87345393,2081.803305,20.80192207,Water,6168,8977.937434,189,57.90590045,28.69329248,24.02816165,50.43396984,1217.485021,2364.211512
City_343,-58.82366342,-115.9070519,3907.226274,20.98512474,Water,4736,10158.80759,128,21.02230021,28.30092124,5.404759432,40.3634814,2491.290353,13086.1659
City_344,-11.90670314,165.9853143,3272.260814,25.32348956,Green Space,8568,1969.987259,32,54.30908861,43.90167564,3.295893412,65.93190109,1460.367031,23521.12283
City_345,-18.26914781,-126.481418,3342.179345,33.57689594,Green Space,2735,20143.42344,114,56.71520571,27.89368378,26.51051903,60.44375286,1471.771212,31796.6911
City_346,20.85301765,-30.73531546,1914.720005,16.0173178,Industrial,7795,10379.95634,154,55.82102723,47.98955102,10.28788988,57.82071258,1631.703575,28305.33983
City_347,24.31685716,-149.2741195,1556.707466,13.03753441,Urban,8892,21171.11756,167,41.77071784,2.43474242,20.51610375,78.67874058,2333.512006,37389.16349
City_348,-81.84527824,178.8747307,1669.674433,14.93676225,Water,8948,46814.72716,112,41.49103272,4.900384239,0.760458127918154,62.84796736,2101.6362,14708.57961
City_349,-22.56972937,0.79020371924733,4444.423037,32.17312251,Water,4247,22096.47027,54,30.16053166,2.203293079,20.70140665,74.53726311,1402.26014,28682.67777
City_350,22.65478483,34.33860624,180.4913614,26.14527032,Urban,3675,44021.24035,97,47.61989412,9.263842517,9.483039346,45.57800945,1937.398532,5318.969926
City_351,0.564526544415784,-155.8524681,3901.641733,17.14766973,Water,5397,30669.73356,90,36.56470092,27.06350555,1.672225608,62.76825853,1672.470998,21269.61066
City_352,64.16817141,89.98576934,2604.039339,30.39867347,Green Space,5537,13109.44618,58,43.87190356,32.27860907,18.29438285,74.71918507,1484.734097,37757.88081
City_353,28.56485369,-104.4339865,1973.769386,31.53424991,Green Space,7927,18436.8832,156,31.42289519,2.279257897,7.224114482,63.32423029,884.6315456,34976.64182
City_354,-60.67180313,143.2995442,3263.659472,31.16285847,Water,9105,5112.057255,48,46.5748232,47.29854449,11.60421726,68.72056713,1427.872527,49541.49412
City_355,-77.29762547,-106.1497294,2190.010236,32.97316334,Green Space,2514,17339.66709,103,51.22357588,42.10826883,2.417424369,54.88174271,991.637174,14616.66517
City_356,25.63547008,-111.3524206,3930.404571,16.3060255,Green Space,1881,34199.50633,90,17.32181283,14.83062411,4.414897533,43.69798068,2329.6843,25411.27566
City_357,-85.2279641,-166.8421196,4053.158388,28.87604822,Water,1598,4533.443554,182,51.64648578,3.859376511,8.939317065,58.31601181,1170.813627,17146.99027
City_358,15.43960463,-10.05589976,1897.744171,21.51348743,Industrial,3926,11064.66902,49,37.01482659,8.494353661,2.692785017,55.77917563,2404.528029,22589.55259
City_359,79.24144346,23.34280797,1245.725088,31.04996382,Urban,4155,19690.61103,77,52.23329545,6.347220688,27.32478794,74.6824073,1566.11058,42990.55636
City_360,13.58535202,-156.3448898,2665.576479,28.21226693,Green Space,8438,49120.42731,116,31.56508532,6.164188965,0.181411295519352,49.75981209,1763.088757,34526.24468
City_361,-20.12941328,99.18994201,4105.635055,29.41118616,Industrial,9601,39458.22932,181,28.95202427,25.92808443,14.51580657,78.6693691,1585.880889,44239.61838
City_362,25.79187932,-16.81601949,947.9798505,26.40404594,Green Space,687,36940.85058,168,55.75303663,12.29237212,3.697423744,78.32552479,758.7612339,10972.04431
City_363,-7.514479712,8.780496958,2803.349626,14.43571924,Green Space,5909,6693.35687,139,22.55846338,17.90698583,9.230372684,49.90526572,1251.642438,43794.69477
City_364,8.211022077,-21.3254111,2842.02099,23.62567297,Urban,2592,39268.79879,57,52.21061626,49.47526667,27.78178679,53.92207822,698.2922246,3928.351435
City_365,79.46366558,-35.72529808,3299.008601,34.61674349,Green Space,2630,39478.17176,88,34.20102863,34.21571245,4.850836598,75.82222963,1745.908088,44541.36474
City_366,-20.5015252,21.47051927,592.0545831,33.43470166,Urban,5742,30454.03209,162,35.70477213,47.44903335,28.97496959,78.66488884,1393.74839,17124.61519
City_367,83.01430149,-124.1135115,3221.212341,11.07934339,Urban,9049,49527.72732,80,25.42341407,7.127827752,6.17383131,57.73756411,2055.969943,16414.79404
City_368,72.96311555,-114.505873,4090.646343,14.12037039,Urban,6147,16937.44139,178,38.65211003,19.10697374,22.24698325,52.83988183,940.940962,26092.34026
City_369,-54.75759574,130.2428236,808.5739899,13.29321934,Industrial,5685,47122.34996,41,26.26055981,27.73659016,16.40031795,61.04376053,829.1321169,47093.8192
City_370,-77.51496584,160.6015664,1068.944962,28.14949775,Water,6276,45821.82463,79,11.96347071,3.837903094,26.53436183,67.51076825,1312.664462,3341.286869
City_371,-71.85995975,-45.60864614,4371.277923,30.44463325,Industrial,8413,1562.552328,161,23.59993027,0.209372181397893,16.61979767,50.93898061,2353.170766,18259.31778
City_372,-86.72007138,-82.53191767,814.3962872,15.33778416,Water,8047,23055.7098,142,10.31895217,33.52171669,16.03677657,69.45892698,1920.84363,42972.02745
City_373,-73.00026706,51.83983557,3844.73292,22.64631732,Water,8323,48878.10742,199,58.91773935,32.09097584,5.863740011,42.06629428,1337.84725,20406.66939
City_374,32.94121921,-32.8556984,2215.250354,31.0175757,Urban,7855,6052.946758,195,58.28736049,20.5394405,4.986880862,41.97177971,1534.54434,10758.68798
City_375,-77.18604328,-170.860912,1112.539835,28.32003862,Green Space,6965,27841.45002,182,29.75776487,24.4822038,27.49467453,55.45150821,668.4260224,21814.91489
City_376,-32.58438655,-123.7850649,3918.374556,23.55593014,Urban,1997,48968.91785,43,46.41854272,20.77215003,9.835145966,54.13892768,2469.151793,19892.07257
City_377,62.07755597,77.75000239,2003.873648,24.75869226,Green Space,3055,28219.27578,61,27.29030492,1.200252242,11.16246765,52.62532861,1832.814609,45855.39387
City_378,-85.81105157,57.21261909,2316.678093,22.70901367,Water,5909,10300.94985,168,43.55465785,16.76858031,22.79470975,59.64079051,1070.808137,38334.78441
City_379,56.60432687,-170.2454427,1616.550162,17.43871128,Urban,3451,29526.97827,175,50.27150215,8.85411277,10.16470447,52.82934329,1671.616788,25750.66223
City_380,-39.26614054,-100.0900217,2668.278831,24.12554982,Green Space,1738,11017.58812,184,57.33781223,4.921209455,28.5618734,47.69031674,718.9647321,49430.15777
City_381,-68.73033103,-96.81307323,735.8574266,27.22213255,Industrial,9665,26465.50888,84,30.01061379,47.83602169,22.13783307,52.37878196,2431.673338,23798.59903
City_382,35.41268977,61.8813877,1759.866915,31.8330729,Green Space,5227,4628.068678,149,49.16489915,29.96798625,17.92287728,78.99617091,849.5699758,3853.65371
City_383,23.20971242,-172.9042064,4362.355451,25.90728385,Urban,4465,30668.65079,104,23.29642253,36.43281421,26.42685482,56.44453668,1796.060636,13851.44177
City_384,67.94496243,-142.5209105,1161.600447,29.02803843,Industrial,6186,26322.70702,50,59.51661519,15.76818716,1.48817725,57.78851107,990.9089251,22367.45353
City_385,42.31278788,107.9697907,2955.31499,14.00179087,Green Space,9742,37267.90707,162,11.28847994,19.65735647,7.711880766,63.0617996,1935.122765,8688.228583
City_386,54.62656747,-115.7239217,1463.355289,21.53893686,Green Space,4201,31904.32309,116,40.17644033,11.84619969,13.95109003,79.33363074,2053.642734,47430.69119
City_387,-39.23377694,54.98859883,3480.629066,10.2332905,Green Space,3280,27930.70716,198,42.97529908,4.848283548,6.809356184,49.66405106,1846.839458,38575.59599
City_388,-58.06088212,-94.25419882,588.9314732,16.16697161,Green Space,7898,34799.16361,88,44.40227785,8.951581872,22.31715562,67.25128442,1728.998921,14146.07282
City_389,45.1106553,-144.2010986,4364.194703,28.16154288,Green Space,2088,8053.153765,118,16.01937894,39.87570226,27.57624093,68.63938774,2284.938188,29949.42214
City_390,55.23025307,-92.45801124,2042.052936,34.79524878,Industrial,2868,30172.6234,179,56.92648917,33.87729026,12.7131036,64.29297667,657.253422,36351.0087
City_391,88.29092556,80.01609547,1062.227085,12.47945249,Water,6289,9433.419538,112,19.05916395,27.3464438,10.263978,43.54313359,1161.829532,47122.66752
City_392,-15.72881816,128.0507285,330.735363,20.0373579,Industrial,936,46350.58818,94,41.13767016,23.75449364,28.84652196,67.07489103,996.5749593,44200.13211
City_393,-23.03674456,118.8791512,763.9105729,30.00177422,Industrial,3328,4348.371137,93,21.13380396,46.12171418,13.34557298,42.56378844,2476.027924,26244.41908
City_394,49.75433293,-37.01392934,2338.982769,15.10089087,Industrial,2056,22088.36273,100,25.36082085,3.636747389,14.67145201,63.84570598,1278.779559,38957.97837
City_395,-28.65536275,60.51064917,1516.514294,23.87712373,Water,8070,35094.07641,33,37.32292709,14.03004066,10.54949617,69.58324709,1965.225398,28545.09294
City_396,77.53631861,-106.2056537,3729.975146,28.3267824,Urban,7980,23443.08837,172,30.85967093,17.49689268,27.28645419,48.43879562,1869.450328,28082.49061
City_397,64.51429533,-74.46681711,1938.993856,25.39963626,Water,9996,5512.667408,133,18.01128005,39.12129061,17.0686645,73.6648803,924.162475,6622.355959
City_398,-12.78107507,142.6808947,1119.214227,14.70061837,Industrial,682,28115.57179,179,18.54682012,49.62573101,22.86523762,41.21415222,977.9953604,7180.745243
City_399,45.1567922,-175.3193075,2777.15244,18.88461422,Green Space,7690,32439.96353,122,30.90723941,12.03352574,24.35420155,73.75251455,1062.569127,26947.14714
City_400,45.81771734,-149.2169289,3180.497476,29.59479461,Green Space,7187,35485.82324,171,47.86414891,43.71536671,10.25547126,58.41316203,1322.254557,14174.2157
City_401,-71.43770361,-105.1609481,751.6885856,23.85566285,Industrial,6065,19289.73091,177,54.89823234,41.53113802,13.01082994,48.7035176,968.6501313,2030.808221
City_402,72.4595232,-170.4484066,754.2864733,10.13074034,Green Space,7741,28619.33858,141,14.20638311,11.23286988,25.45415323,45.3511258,539.3029655,36419.12099
City_403,0.945427040614291,-114.6832434,165.0214212,29.024769,Industrial,8151,23083.63727,190,29.65519538,19.96662901,10.89766055,78.1322867,2258.786114,2591.843238
City_404,58.7623439,29.89496195,3313.809068,10.88278387,Green Space,6075,33930.7459,148,15.01227819,20.48364346,23.818054,42.9066235,2431.219663,30168.56521
City_405,-32.39107181,-28.28716179,2987.120374,28.64334457,Water,2089,29594.2914,88,10.82962403,48.91103343,28.22976968,47.9637368,1183.140774,27420.49591
City_406,71.19418113,141.361816,2135.838941,15.062014,Urban,9351,26762.05476,72,43.08593413,9.044595069,18.69631119,53.9128939,1177.013759,48471.91984
City_407,-19.94369783,114.2796822,3798.76702,33.951837,Urban,659,13226.69398,41,40.1224721,39.95789856,22.24881862,64.80939396,514.1836255,24726.44383
City_408,-88.04922273,-56.94575339,3625.515688,19.19851878,Water,7055,1098.90737,69,18.15095569,16.70963571,24.15291936,61.79204341,1860.501377,4116.470383
City_409,72.96875576,-86.60756396,2634.09464,18.17329041,Water,9703,9530.00209,147,21.69064165,36.54351729,25.35118947,45.0257397,2150.879791,28032.71042
City_410,-73.56839818,-43.31073306,3907.220762,13.72220126,Industrial,8744,6736.23603,49,11.18538768,21.00055021,11.85160014,51.58911935,793.2166007,42213.71236
City_411,-32.52354523,32.50617931,926.2854452,17.64010539,Industrial,7346,23005.15251,195,51.74736028,28.91798816,1.537903775,49.55007084,819.3326987,49845.61493
City_412,81.01115407,-83.4970893,503.6382873,31.91626905,Industrial,2807,31000.64939,160,58.7345298,41.63058867,12.05628814,48.54171418,2080.1665,22086.81551
City_413,81.10928645,44.69360683,1213.873252,34.90835844,Green Space,1728,11441.16543,185,16.77297684,40.20827825,20.21268689,56.44577346,1732.581497,16694.63838
City_414,13.21881986,-32.61180521,256.8908524,19.20773826,Industrial,7726,47013.7977,119,21.57376069,43.32115918,13.51051157,68.1612581,589.7211153,45426.01155
City_415,23.73069819,18.73698511,2390.262876,21.21526577,Water,6090,1327.424332,123,53.4204762,2.980866267,22.46889453,48.69811729,1745.093981,10370.86432
City_416,-9.279806044,-22.99444951,4214.725615,28.05177346,Urban,7419,38842.74974,42,56.3231899,34.60252765,10.70947288,54.66715519,1117.835446,31156.01684
City_417,-37.22206109,-73.99232656,177.045933,32.15489451,Green Space,6085,31635.03371,95,30.98136914,6.999368836,19.04232423,55.63669707,1237.450311,20880.00678
City_418,-30.84038183,161.4431905,549.494613,24.82610835,Industrial,9727,19304.18525,66,12.53112361,20.7909284,5.592594146,79.05826118,2039.462837,3013.035883
City_419,31.05332209,94.8980859,2034.895627,19.78814245,Green Space,6546,3473.958276,95,11.96959168,27.42942075,22.4810831,78.18665428,2121.870385,18017.13524
City_420,45.4274153,-129.5592567,4202.437579,20.31554602,Green Space,5445,31746.84202,65,38.6974933,20.13697424,16.37087906,72.00550331,1300.713254,13996.1976
City_421,52.48422787,132.6484713,1422.702472,27.39045366,Industrial,8427,19895.06213,55,29.64475544,25.98058379,6.121931656,49.66635683,2394.305872,34618.46654
City_422,52.1312657,-4.52476863,2282.556639,10.08045659,Green Space,7516,46877.08983,104,11.43262138,49.82631544,8.757335205,42.72149256,1312.925436,47490.73439
City_423,-73.58290145,142.0388017,187.0778657,25.48973344,Urban,8258,27557.51367,137,39.16261962,6.760865686,22.45826126,52.67616551,2043.67207,14134.31218
City_424,-1.004345154,107.9478921,667.5444043,18.88732526,Water,5586,47042.92405,197,10.56512683,33.77280227,14.47803707,50.67178198,1467.754529,40761.83102
City_425,-79.6394232,-26.92313839,4439.835553,29.85493328,Water,9956,11803.70098,72,49.36859791,19.80004832,6.480943212,60.23703201,2295.064653,3712.63103
City_426,8.915198818,-171.911049,4343.034134,12.324766,Urban,7661,36560.56961,179,25.32164114,6.650489945,29.01813571,71.1091164,2315.522487,27367.92949
City_427,-10.52450975,-83.27615062,22.2299142,24.70505667,Green Space,2384,31245.20202,177,12.01290015,7.936838169,21.45375059,74.33291756,674.8336157,4456.953122
City_428,69.7867529,14.98831728,4283.153034,22.02432225,Industrial,2309,37231.00326,37,39.41761105,47.46365531,28.71404498,73.79456342,2372.986663,46767.61657
City_429,-26.83529774,48.05215914,2876.03972,26.05813815,Green Space,3667,11518.72533,58,29.88422072,43.98007484,12.81315136,54.38702245,2151.069683,38551.21275
City_430,-68.92793704,-87.16043324,3905.632325,11.62133986,Urban,6852,33584.7313,69,58.69002067,45.35209802,14.25301022,67.48937374,2082.621429,33239.54565
City_431,-64.26149723,-129.8318133,2046.32935,24.49959469,Green Space,9509,25403.97926,187,37.20993313,49.57663879,26.93865649,52.5133679,901.8226794,41370.9227
City_432,47.07191371,120.5748852,2320.182129,24.0371147,Water,6556,37398.42377,157,23.76195905,10.4157695,15.75148021,42.43622173,2110.238418,32728.46998
City_433,21.2792514,174.3847851,2199.809611,24.01650236,Green Space,2937,17025.18756,113,45.47194323,17.77196687,21.21836736,68.06261062,2200.265469,48478.27546
City_434,-71.7979183,9.248465629,3000.889159,25.08719166,Urban,6968,44612.79425,145,23.57460013,33.4609515,7.565186325,40.3931021,1078.300669,35983.93945
City_435,-74.8607749,-118.1954571,628.4306464,26.91169843,Water,9580,5130.764416,173,55.21216457,24.19012699,13.40179406,56.3673035,2404.520157,46308.27187
City_436,36.17444366,-81.96936245,134.8811544,30.12472499,Green Space,6451,40552.27662,91,28.73609853,20.91947667,3.703495974,53.17517077,599.7202928,26339.46271
City_437,-76.90265885,-173.3793564,1385.684737,16.745518,Green Space,5776,43204.66166,36,37.49342814,17.89056247,6.179401076,67.73510154,799.8185065,6736.156236
City_438,57.93481067,149.1475704,3171.063432,30.62623525,Water,9359,41045.36326,74,12.52865519,29.6890316,0.0283024580289326,70.64981891,1575.162276,26880.70835
City_439,37.12360089,-137.6096102,908.3405346,22.45639206,Industrial,8318,26123.59332,184,31.3060619,28.77967143,1.177951549,52.16378544,1651.584942,7216.768575
City_440,-75.35721948,27.54593119,3030.44595,11.92645698,Water,5228,22480.86402,117,51.61817698,8.072891703,29.3185147,72.46508058,1790.300167,30032.18048
City_441,-74.72921146,-81.34012055,4364.604207,11.46377323,Industrial,3124,49816.85204,102,50.28244027,23.58699188,7.270610854,51.75667042,533.9382586,24642.15997
City_442,87.59512413,19.50408091,422.5532211,18.35595797,Urban,6238,12229.42561,192,21.21592794,27.67358881,19.89932129,57.8530544,2420.733549,31506.19449
City_443,-22.63125676,54.51133981,3026.709532,29.62242443,Urban,4732,27796.92233,66,21.30395355,28.51434694,25.17299096,69.08074108,589.1761855,1492.302072
City_444,-23.28441353,118.7070493,1996.875987,27.69202337,Water,6293,33863.10074,148,50.86526561,10.50535965,16.51981378,67.71680917,786.1239054,10547.18409
City_445,56.30392211,-105.6883422,3906.640145,29.71537412,Water,5023,35342.51416,86,56.51992101,37.11356961,4.594335003,79.49473889,528.0290351,25075.19116
City_446,80.50474393,-176.0415017,797.1740525,22.93172641,Urban,6071,10997.20862,37,14.76804606,1.259954741,21.84349312,49.00644097,1633.716867,47574.67452
City_447,87.48019149,-130.7211732,3116.816785,21.00497495,Industrial,9510,33045.71052,124,32.50293197,17.74159278,18.0075423,66.49271654,2364.533768,19796.84298
City_448,45.60807335,144.0067111,3771.518803,13.68631317,Urban,9798,41100.10876,146,26.87271395,39.01063243,21.93751768,64.38727633,1831.894332,21794.22928
City_449,-22.2732746,134.6004279,4250.763988,18.20481884,Water,2724,3450.910264,139,53.53442277,28.19464605,23.09239869,76.60393818,2145.314937,36020.10836
City_450,-74.96987099,35.06871678,3074.616127,20.85048415,Urban,8889,45664.54337,49,14.17624573,13.05812163,29.26231103,46.25448567,526.5624069,30585.84511
City_451,49.88644487,36.18606976,2237.286438,12.21501074,Water,6591,2445.698702,153,20.55629713,34.74765597,17.2068984,70.07192654,1584.030597,15647.38135
City_452,10.51276495,59.41320284,2780.312581,15.51529882,Water,9162,18442.58059,82,47.62341688,28.36954721,10.24923338,62.73074465,1419.125955,21130.00338
City_453,-13.64003834,-116.8663397,3910.07243,24.95563235,Urban,6861,1774.846615,148,12.56469245,39.81218047,19.45393671,50.98663479,1497.935888,11667.29014
City_454,73.14378932,149.1883005,2567.74386,28.39157786,Industrial,2448,4780.113258,41,34.62676904,36.75125931,2.053221277,58.97739657,644.4263707,48335.0515
City_455,-69.98445318,-29.24261104,136.7417686,34.95868778,Green Space,7594,45647.24597,46,32.10535173,30.5053961,26.92191955,53.35106388,1868.870722,7401.084696
City_456,-1.327481228,-42.07012983,4189.26913,33.32783328,Urban,6818,18388.18071,93,26.72005895,24.40888377,3.58143034,63.17253611,1506.44083,19220.00244
City_457,-87.95634394,6.810373902,3102.87038,26.06412999,Green Space,4296,21813.80499,71,29.72861577,6.659106283,9.835285137,75.56002443,2030.2977,2266.109639
City_458,-5.641084441,-163.092252,3044.310236,20.53120133,Urban,734,11551.87469,123,36.49702935,13.06665089,24.47236142,62.77219938,1470.581268,11867.1951
City_459,-79.86541038,-120.1379872,970.5381858,25.90443412,Green Space,9620,30257.69274,186,18.06836792,20.95497365,17.91937135,65.26889673,798.7632725,39243.08578
City_460,-68.61277507,85.69210191,2964.984616,29.64129045,Industrial,4107,30145.35752,176,38.59979391,29.96496435,11.80906561,60.74991388,1796.513908,10857.58638
City_461,-68.84527558,-150.1924795,1772.389825,12.95840477,Industrial,8543,19237.8192,40,50.27161646,25.68539276,14.20306978,42.04662026,844.7727242,4923.106724
City_462,26.85785438,37.13475941,2930.548397,20.24762224,Urban,1022,17318.70872,127,48.00804649,14.4092263,25.6364218,49.31434228,2244.789127,24248.20581
City_463,44.28807827,-91.67432051,479.6686364,30.99505714,Water,6404,44363.2511,100,17.69499523,0.323217889485527,10.20013158,59.68006918,1726.232478,1488.492502
City_464,15.00637772,-39.85357894,2960.303871,19.5958238,Green Space,5388,19780.92774,137,17.46247349,24.8119611,26.08949054,52.40941135,814.4077671,5153.541567
City_465,83.19105873,-76.07025476,4497.361766,24.29680678,Water,6332,25181.54862,87,23.40871839,14.28129943,2.644032929,47.27054391,2424.676115,40573.66761
City_466,-22.52329569,-51.95782207,216.9541749,24.69423402,Water,7622,14881.93336,63,28.05373632,36.73041504,23.30395312,60.16531368,1536.730927,38802.1939
City_467,-38.57182447,78.85652587,4397.283829,14.61190633,Water,6342,39551.70566,49,30.42277907,1.197313264,25.42642899,52.91239174,645.7969037,45841.8022
City_468,66.34784307,-73.03618238,1831.085823,19.05588604,Industrial,1816,20474.95969,79,43.98486084,29.24139057,5.454529585,50.32430573,1753.665809,42871.25636
City_469,-49.75274907,23.90567051,3918.390527,18.36278222,Urban,1624,26166.94128,131,12.83402161,47.07371188,12.91039597,58.5594167,1006.397814,34475.6026
City_470,83.3800571,-8.621855208,3520.734678,10.65491771,Urban,6121,13414.50133,167,11.73363521,8.720463356,4.96499324,45.33137032,2107.386904,3564.310008
City_471,-87.81219456,58.92161953,2551.573174,10.6047941,Industrial,5923,49395.32002,189,29.59552815,23.58247454,21.19812387,77.10982932,2135.644147,39359.58228
City_472,84.57818881,157.2587062,3323.021442,30.79242609,Industrial,3087,15283.29131,81,44.85818461,4.571099591,16.06043304,74.70808392,2457.894712,42430.02973
City_473,-82.23121585,83.725955,3953.320026,16.82677025,Urban,9715,38766.38401,44,19.67176715,31.28409561,19.0597004,68.30482343,1503.739062,40155.02514
City_474,70.40576047,-102.6214637,1818.631447,22.95196916,Water,6172,21947.28687,113,42.07522406,27.52658403,5.894609009,44.2485531,1409.913759,25915.47273
City_475,4.986199636,-168.7740714,1471.649227,17.46813934,Green Space,1878,11104.65285,160,22.9914069,20.36827621,6.352375862,71.03509018,2006.951211,12412.19009
City_476,88.7336633,-85.58494405,3004.170235,33.51698113,Green Space,3874,40186.21943,66,54.30430544,26.06885107,1.244919765,72.31829312,764.9413127,42421.16881
City_477,-76.71661835,34.22805505,3635.306739,16.48241897,Green Space,2019,17346.73266,155,54.78449721,44.82873292,9.662026056,70.71058471,1593.831028,36630.97768
City_478,9.693771192,-161.4867071,3430.283106,20.74142032,Water,6277,43394.47402,69,24.86436021,9.814715116,16.79233984,44.55863548,1592.4952,49057.29755
City_479,84.47445641,-1.308151008,3590.16142,31.81825626,Urban,8435,45847.60206,101,21.4996877,1.128225585,25.73804742,65.75631828,678.9462456,8628.93729
City_480,4.157611951,34.86342561,1960.124917,31.04833917,Industrial,6593,43131.36793,69,30.5651986,43.08324423,20.00782342,73.37299183,1335.968171,12057.56457
City_481,23.29175486,-59.67219931,3680.253973,14.65253545,Urban,8918,2715.387826,85,22.02657926,28.85585412,13.0618897,63.09413605,2206.569597,11378.10934
City_482,35.23476402,97.52839335,540.9407492,30.06608274,Water,5855,39581.29391,180,43.61919216,44.53292277,28.59360343,65.85629501,2212.307244,39834.44861
City_483,-8.182608342,-141.6246289,2450.200941,21.45467217,Industrial,5468,21155.63386,133,51.30323423,29.84726117,21.57735602,58.33453918,698.4753298,10158.45753
City_484,22.96045442,-152.9503986,25.91397224,22.0742218,Water,9583,43812.42309,168,43.65460655,40.5080545,27.90495609,61.1482928,681.4417655,4266.331661
City_485,15.17657615,82.14795223,1460.636235,13.33699931,Green Space,6074,32259.75887,139,51.21752236,21.48366817,15.8276392,41.37507433,1025.390954,49929.47952
City_486,72.20844189,-1.623126166,1649.076907,12.01503784,Green Space,4572,41848.51357,165,29.84960811,37.49299656,7.767128244,65.55852088,2249.532125,2216.043361
City_487,-81.81965154,67.82486271,1782.777112,28.19848267,Water,2757,25472.15672,122,17.81584854,45.65207334,1.584800591,43.25788852,757.8051701,41926.95895
City_488,-39.42662587,-23.4621581,3129.60243,22.41152881,Industrial,9088,27216.24973,123,46.89754737,28.60614819,21.78254554,57.40058377,1939.993605,18902.97524
City_489,81.07406713,-91.29526803,1748.511456,20.92126757,Industrial,4924,8074.993975,85,28.02372526,9.039257528,3.63908994,51.70620391,702.3312392,42239.15753
City_490,70.2474811,114.8768344,2019.121302,28.23770572,Urban,3737,39415.38058,89,43.56354126,13.43988075,9.083253848,61.81711801,1746.275707,28176.40407
City_491,-7.981784499,107.7897164,1068.948589,29.13782247,Green Space,4393,21550.09097,167,23.5321971,9.932228845,15.97412724,45.33665342,1212.134598,45179.93024
City_492,21.6238676,70.09072951,1679.633062,13.97270419,Urban,2505,25503.9258,68,14.06148174,12.34285138,16.93249763,67.66573608,2077.827926,46383.45633
City_493,-40.07138706,-82.0277506,1022.713323,25.25562874,Urban,2516,39469.78799,57,59.62908977,15.32077247,18.01749591,71.80046148,967.3808977,1445.810883
City_494,-56.13819125,32.48304007,329.381657,13.38385206,Water,9888,30343.4246,78,17.8100754,27.75668934,4.98765991,46.53417799,1778.403659,4695.196624
City_495,-6.534287111,-50.0493971,2715.51867,28.78437715,Water,2272,10853.83764,193,59.4210497,29.39958147,11.39212214,44.17252349,971.3650692,13267.57775
City_496,-26.39659896,-147.0304536,3006.957593,26.42387891,Urban,8853,29921.4003,154,58.86399663,21.32498736,18.51582681,45.82061931,1927.320566,33796.4554
City_497,15.05810013,150.2328872,2787.706557,33.91536553,Green Space,4476,20974.01004,42,49.6909052,30.77103899,29.09456594,75.08510248,2247.356069,44525.33763
City_498,-76.00776535,-130.7452929,2085.723197,11.72395041,Water,2251,24006.75156,65,42.9711481,4.078746281,21.82893413,61.12757047,753.6035983,23537.15561
City_499,85.39106538,162.0854474,1709.036011,11.42636803,Urban,9467,2387.252446,130,38.89035251,4.389411853,27.67811271,58.69043984,2233.191377,30741.6827
City_500,87.51793401,-19.43792174,3885.001423,17.05467687,Urban,7930,11291.43813,55,53.30507727,8.591473018,22.86636175,44.26847276,1687.150509,10236.49279
